Date,Bullish,Caution,Distribution,Bearish,Recuperation,Accumulation
2022-01-03,0.0,0.0,0.0,0.0,0.0,0.0
2022-01-04,0.0,0.0,0.0,0.0,0.0,0.0
2022-01-05,0.0,0.0,0.0,0.0,0.0,0.0
2022-01-06,0.0,0.0,0.0,0.0,0.0,0.0
2022-01-07,0.0,0.0,0.0,0.0,0.0,0.0
2022-01-10,0.0,0.0,0.0,0.0,0.0,0.0
2022-01-11,0.0,0.0,0.0,0.0,0.0,0.0
2022-01-12,0.0,0.0,0.0,0.0,0.0,0.0
2022-01-13,0.0,0.0,0.0,0.0,0.0,0.0
2022-01-14,0.0,0.0,0.0,0.0,0.0,0.0
2022-01-18,0.0,0.0,0.0,0.0,0.0,0.0
2022-01-19,0.0,0.0,0.0,0.0,0.0,0.0
2022-01-20,0.0,0.0,0.0,0.0,0.0,0.0
2022-01-21,0.0,0.0,0.0,0.0,0.0,0.0
2022-01-24,0.0,0.0,0.0,0.0,0.0,0.0
2022-01-25,0.0,0.0,0.0,0.0,0.0,0.0
2022-01-26,0.0,0.0,0.0,0.0,0.0,0.0
2022-01-27,0.0,0.0,0.0,0.0,0.0,0.0
2022-01-28,0.0,0.0,0.0,0.0,0.0,0.0
2022-01-31,0.0,0.0,0.0,0.0,0.0,0.0
2022-02-01,0.0,0.0,0.0,0.0,0.0,0.0
2022-02-02,0.0,0.0,0.0,0.0,0.0,0.0
2022-02-03,0.0,0.0,0.0,0.0,0.0,0.0
2022-02-04,0.0,0.0,0.0,0.0,0.0,0.0
2022-02-07,0.0,0.0,0.0,0.0,0.0,0.0
2022-02-08,0.0,0.0,0.0,0.0,0.0,0.0
2022-02-09,0.0,0.0,0.0,0.0,0.0,0.0
2022-02-10,0.0,0.0,0.0,0.0,0.0,0.0
2022-02-11,0.0,0.0,0.0,0.0,0.0,0.0
2022-02-14,0.0,0.0,0.0,0.0,0.0,0.0
2022-02-15,0.0,0.0,0.0,0.0,0.0,0.0
2022-02-16,0.0,0.0,0.0,0.0,0.0,0.0
2022-02-17,0.0,0.0,0.0,0.0,0.0,0.0
2022-02-18,0.0,0.0,0.0,0.0,0.0,0.0
2022-02-22,0.0,0.0,0.0,0.0,0.0,0.0
2022-02-23,0.0,0.0,0.0,0.0,0.0,0.0
2022-02-24,0.0,0.0,0.0,0.0,0.0,0.0
2022-02-25,0.0,0.0,0.0,0.0,0.0,0.0
2022-02-28,0.0,0.0,0.0,0.0,0.0,0.0
2022-03-01,0.0,0.0,0.0,0.0,0.0,0.0
2022-03-02,0.0,0.0,0.0,0.0,0.0,0.0
2022-03-03,0.0,0.0,0.0,0.0,0.0,0.0
2022-03-04,0.0,0.0,0.0,0.0,0.0,0.0
2022-03-07,0.0,0.0,0.0,0.0,0.0,0.0
2022-03-08,0.0,0.0,0.0,0.0,0.0,0.0
2022-03-09,0.0,0.0,0.0,0.0,0.0,0.0
2022-03-10,0.0,0.0,0.0,0.0,0.0,0.0
2022-03-11,0.0,0.0,0.0,0.0,0.0,0.0
2022-03-14,0.0,0.0,0.0,0.0,0.0,0.0
2022-03-15,0.0,0.0,0.0,0.0,0.0,0.0
2022-03-16,0.0,0.0,0.0,0.0,0.0,0.0
2022-03-17,0.0,0.0,0.0,0.0,0.0,0.0
2022-03-18,0.0,0.0,0.0,0.0,0.0,0.0
2022-03-21,0.0,0.0,0.0,0.0,0.0,0.0
2022-03-22,0.0,0.0,0.0,0.0,0.0,0.0
2022-03-23,0.0,0.0,0.0,0.0,0.0,0.0
2022-03-24,0.0,0.0,0.0,0.0,0.0,0.0
2022-03-25,0.0,0.0,0.0,0.0,0.0,0.0
2022-03-28,0.0,0.0,0.0,0.0,0.0,0.0
2022-03-29,0.0,0.0,0.0,0.0,0.0,0.0
2022-03-30,0.0,0.0,0.0,0.0,0.0,0.0
2022-03-31,0.0,0.0,0.0,0.0,0.0,0.0
2022-04-01,0.0,0.0,0.0,0.0,0.0,0.0
2022-04-04,0.0,0.0,0.0,0.0,0.0,0.0
2022-04-05,0.0,0.0,0.0,0.0,0.0,0.0
2022-04-06,0.0,0.0,0.0,0.0,0.0,0.0
2022-04-07,0.0,0.0,0.0,0.0,0.0,0.0
2022-04-08,0.0,0.0,0.0,0.0,0.0,0.0
2022-04-11,0.0,0.0,0.0,0.0,0.0,0.0
2022-04-12,0.0,0.0,0.0,0.0,0.0,0.0
2022-04-13,0.0,0.0,0.0,0.0,0.0,0.0
2022-04-14,0.0,0.0,0.0,0.0,0.0,0.0
2022-04-18,0.0,0.0,0.0,0.0,0.0,0.0
2022-04-19,0.0,0.0,0.0,0.0,0.0,0.0
2022-04-20,0.0,0.0,0.0,0.0,0.0,0.0
2022-04-21,0.0,0.0,0.0,0.0,0.0,0.0
2022-04-22,0.0,0.0,0.0,0.0,0.0,0.0
2022-04-25,0.0,0.0,0.0,0.0,0.0,0.0
2022-04-26,0.0,0.0,0.0,0.0,0.0,0.0
2022-04-27,0.0,0.0,0.0,0.0,0.0,0.0
2022-04-28,0.0,0.0,0.0,0.0,0.0,0.0
2022-04-29,0.0,0.0,0.0,0.0,0.0,0.0
2022-05-02,0.0,0.0,0.0,0.0,0.0,0.0
2022-05-03,0.0,0.0,0.0,0.0,0.0,0.0
2022-05-04,0.0,0.0,0.0,0.0,0.0,0.0
2022-05-05,0.0,0.0,0.0,0.0,0.0,0.0
2022-05-06,0.0,0.0,0.0,0.0,0.0,0.0
2022-05-09,0.0,0.0,0.0,0.0,0.0,0.0
2022-05-10,0.0,0.0,0.0,0.0,0.0,0.0
2022-05-11,0.0,0.0,0.0,0.0,0.0,0.0
2022-05-12,0.0,0.0,0.0,0.0,0.0,0.0
2022-05-13,0.0,0.0,0.0,0.0,0.0,0.0
2022-05-16,0.0,0.0,0.0,0.0,0.0,0.0
2022-05-17,0.0,0.0,0.0,0.0,0.0,0.0
2022-05-18,0.0,0.0,0.0,0.0,0.0,0.0
2022-05-19,0.0,0.0,0.0,0.0,0.0,0.0
2022-05-20,0.0,0.0,0.0,0.0,0.0,0.0
2022-05-23,0.0,0.0,0.0,0.0,0.0,0.0
2022-05-24,0.0,0.0,0.0,0.0,0.0,0.0
2022-05-25,0.0,0.0,0.0,0.0,0.0,0.0
2022-05-26,0.0,0.0,0.0,0.0,0.0,0.0
2022-05-27,0.0,0.0,0.0,0.0,0.0,0.0
2022-05-31,0.0,0.0,0.0,0.0,0.0,0.0
2022-06-01,0.0,0.0,0.0,0.0,0.0,0.0
2022-06-02,0.0,0.0,0.0,0.0,0.0,0.0
2022-06-03,0.0,0.0,0.0,0.0,0.0,0.0
2022-06-06,0.0,0.0,0.0,0.0,0.0,0.0
2022-06-07,0.0,0.0,0.0,0.0,0.0,0.0
2022-06-08,0.0,0.0,0.0,0.0,0.0,0.0
2022-06-09,0.0,0.0,0.0,0.0,0.0,0.0
2022-06-10,0.0,0.0,0.0,0.0,0.0,0.0
2022-06-13,0.0,0.0,0.0,0.0,0.0,0.0
2022-06-14,0.0,0.0,0.0,0.0,0.0,0.0
2022-06-15,0.0,0.0,0.0,0.0,0.0,0.0
2022-06-16,0.0,0.0,0.0,0.0,0.0,0.0
2022-06-17,0.0,0.0,0.0,0.0,0.0,0.0
2022-06-21,0.0,0.0,0.0,0.0,0.0,0.0
2022-06-22,0.0,0.0,0.0,0.0,0.0,0.0
2022-06-23,0.0,0.0,0.0,0.0,0.0,0.0
2022-06-24,0.0,0.0,0.0,0.0,0.0,0.0
2022-06-27,0.0,0.0,0.0,0.0,0.0,0.0
2022-06-28,0.0,0.0,0.0,0.0,0.0,0.0
2022-06-29,0.0,0.0,0.0,0.0,0.0,0.0
2022-06-30,0.0,0.0,0.0,0.0,0.0,0.0
2022-07-01,0.0,0.0,0.0,0.0,0.0,0.0
2022-07-05,0.0,0.0,0.0,0.0,0.0,0.0
2022-07-06,0.0,0.0,0.0,0.0,0.0,0.0
2022-07-07,0.0,0.0,0.0,0.0,0.0,0.0
2022-07-08,0.0,0.0,0.0,0.0,0.0,0.0
2022-07-11,0.0,0.0,0.0,0.0,0.0,0.0
2022-07-12,0.0,0.0,0.0,0.0,0.0,0.0
2022-07-13,0.0,0.0,0.0,0.0,0.0,0.0
2022-07-14,0.0,0.0,0.0,0.0,0.0,0.0
2022-07-15,0.0,0.0,0.0,0.0,0.0,0.0
2022-07-18,0.0,0.0,0.0,0.0,0.0,0.0
2022-07-19,0.0,0.0,0.0,0.0,0.0,0.0
2022-07-20,0.0,0.0,0.0,0.0,0.0,0.0
2022-07-21,0.0,0.0,0.0,0.0,0.0,0.0
2022-07-22,0.0,0.0,0.0,0.0,0.0,0.0
2022-07-25,0.0,0.0,0.0,0.0,0.0,0.0
2022-07-26,0.0,0.0,0.0,0.0,0.0,0.0
2022-07-27,0.0,0.0,0.0,0.0,0.0,0.0
2022-07-28,0.0,0.0,0.0,0.0,0.0,0.0
2022-07-29,0.0,0.0,0.0,0.0,0.0,0.0
2022-08-01,0.0,0.0,0.0,0.0,0.0,0.0
2022-08-02,0.0,0.0,0.0,0.0,0.0,0.0
2022-08-03,0.0,0.0,0.0,0.0,0.0,0.0
2022-08-04,0.0,0.0,0.0,0.0,0.0,0.0
2022-08-05,0.0,0.0,0.0,0.0,0.0,0.0
2022-08-08,0.0,0.0,0.0,0.0,0.0,0.0
2022-08-09,0.0,0.0,0.0,0.0,0.0,0.0
2022-08-10,0.0,0.0,0.0,0.0,0.0,0.0
2022-08-11,0.0,0.0,0.0,0.0,0.0,0.0
2022-08-12,0.0,0.0,0.0,0.0,0.0,0.0
2022-08-15,0.0,0.0,0.0,0.0,0.0,0.0
2022-08-16,0.0,0.0,0.0,0.0,0.0,0.0
2022-08-17,0.0,0.0,0.0,0.0,0.0,0.0
2022-08-18,0.0,0.0,0.0,0.0,0.0,0.0
2022-08-19,0.0,0.0,0.0,0.0,0.0,0.0
2022-08-22,0.0,0.0,0.0,0.0,0.0,0.0
2022-08-23,0.0,0.0,0.0,0.0,0.0,0.0
2022-08-24,0.0,0.0,0.0,0.0,0.0,0.0
2022-08-25,0.0,0.0,0.0,0.0,0.0,0.0
2022-08-26,0.0,0.0,0.0,0.0,0.0,0.0
2022-08-29,0.0,0.0,0.0,0.0,0.0,0.0
2022-08-30,0.0,0.0,0.0,0.0,0.0,0.0
2022-08-31,0.0,0.0,0.0,0.0,0.0,0.0
2022-09-01,0.0,0.0,0.0,0.0,0.0,0.0
2022-09-02,0.0,0.0,0.0,0.0,0.0,0.0
2022-09-06,0.0,0.0,0.0,0.0,0.0,0.0
2022-09-07,0.0,0.0,0.0,0.0,0.0,0.0
2022-09-08,0.0,0.0,0.0,0.0,0.0,0.0
2022-09-09,0.0,0.0,0.0,0.0,0.0,0.0
2022-09-12,0.0,0.0,0.0,0.0,0.0,0.0
2022-09-13,0.0,0.0,0.0,0.0,0.0,0.0
2022-09-14,0.0,0.0,0.0,0.0,0.0,0.0
2022-09-15,0.0,0.0,0.0,0.0,0.0,0.0
2022-09-16,0.0,0.0,0.0,0.0,0.0,0.0
2022-09-19,0.0,0.0,0.0,0.0,0.0,0.0
2022-09-20,0.0,0.0,0.0,0.0,0.0,0.0
2022-09-21,0.0,0.0,0.0,0.0,0.0,0.0
2022-09-22,0.0,0.0,0.0,0.0,0.0,0.0
2022-09-23,0.0,0.0,0.0,0.0,0.0,0.0
2022-09-26,0.0,0.0,0.0,0.0,0.0,0.0
2022-09-27,0.0,0.0,0.0,0.0,0.0,0.0
2022-09-28,0.0,0.0,0.0,0.0,0.0,0.0
2022-09-29,0.0,0.0,0.0,0.0,0.0,0.0
2022-09-30,0.0,0.0,0.0,0.0,0.0,0.0
2022-10-03,0.0,0.0,0.0,0.0,0.0,0.0
2022-10-04,0.0,0.0,0.0,0.0,0.0,0.0
2022-10-05,0.0,0.0,0.0,0.0,0.0,0.0
2022-10-06,0.0,0.0,0.0,0.0,0.0,0.0
2022-10-07,0.0,0.0,0.0,0.0,0.0,0.0
2022-10-10,0.0,0.0,0.0,0.0,0.0,0.0
2022-10-11,0.0,0.0,0.0,0.0,0.0,0.0
2022-10-12,0.0,0.0,0.0,0.0,0.0,0.0
2022-10-13,0.0,0.0,0.0,0.0,0.0,0.0
2022-10-14,0.0,0.0,0.0,0.0,0.0,0.0
2022-10-17,0.0,0.0,0.0,0.0,0.0,0.0
2022-10-18,14.115308151093439,7.157057654075547,9.542743538767395,56.66003976143141,9.145129224652088,1.9880715705765408
2022-10-19,12.72365805168986,6.958250497017893,10.337972166998012,60.039761431411534,6.759443339960239,1.7892644135188867
2022-10-20,10.934393638170974,7.5546719681908545,11.133200795228628,61.82902584493042,5.964214711729622,1.1928429423459244
2022-10-21,14.512922465208748,5.7654075546719685,9.145129224652088,53.87673956262425,11.530815109343937,3.7773359840954273
2022-10-24,15.904572564612327,5.168986083499006,7.157057654075547,49.90059642147117,15.308151093439365,5.168986083499006
2022-10-25,18.886679920477135,4.3737574552683895,4.3737574552683895,41.35188866799205,21.669980119284293,7.952286282306163
2022-10-26,19.880715705765407,3.7773359840954273,3.9761431411530817,38.767395626242546,22.664015904572565,9.542743538767395
2022-10-27,20.278330019880716,3.180914512922465,3.9761431411530817,37.57455268389662,22.86282306163022,10.73558648111332
2022-10-28,22.86282306163022,1.1928429423459244,2.783300198807157,28.230616302186878,26.838966202783297,16.69980119284294
2022-10-31,22.266401590457257,1.5904572564612325,2.3856858846918487,29.82107355864811,26.640159045725646,15.904572564612327
2022-11-01,22.664015904572565,0.3976143141153081,2.982107355864811,29.82107355864811,25.844930417495032,16.898608349900595
2022-11-02,20.87475149105368,1.9880715705765408,3.5785288270377733,40.357852882703774,18.687872763419485,13.320079522862823
2022-11-03,21.272365805168985,1.3916500994035785,3.180914512922465,41.5506958250497,18.687872763419485,12.72365805168986
2022-11-04,20.675944333996025,1.7892644135188867,2.982107355864811,33.79721669980119,23.061630218687874,16.50099403578529
2022-11-07,22.067594433399602,1.3916500994035785,2.3856858846918487,30.81510934393638,23.061630218687874,19.08548707753479
2022-11-08,22.266401590457257,1.5904572564612325,1.9880715705765408,27.833001988071572,25.24850894632207,19.880715705765407
2022-11-09,21.47117296222664,1.9880715705765408,2.3856858846918487,32.80318091451292,23.45924453280318,16.69980119284294
2022-11-10,23.658051689860834,1.7892644135188867,0.9940357852882704,13.518886679920477,28.031809145129227,30.81510934393638
2022-11-11,23.061630218687874,2.982107355864811,0.9940357852882704,12.922465208747516,26.44135188866799,32.40556660039761
2022-11-14,21.868787276341948,4.174950298210735,0.9940357852882704,14.512922465208748,28.628230616302186,28.628230616302186
2022-11-15,23.45924453280318,2.1868787276341948,1.7892644135188867,12.127236580516898,27.435387673956264,31.809145129224653
2022-11-16,24.45328031809145,1.5904572564612325,1.1928429423459244,13.717693836978132,28.230616302186878,29.62226640159046
2022-11-17,23.658051689860834,1.9880715705765408,1.7892644135188867,15.50695825049702,27.833001988071572,28.031809145129227
2022-11-18,25.04970178926441,1.7892644135188867,0.7952286282306162,12.922465208747516,26.838966202783297,31.411530815109344
2022-11-21,25.44731610337972,1.5904572564612325,0.9940357852882704,11.72962226640159,27.833001988071572,31.21272365805169
2022-11-22,27.435387673956264,1.1928429423459244,0.5964214711729622,9.74155069582505,27.236580516898606,32.60437375745527
2022-11-23,28.429423459244536,1.1928429423459244,0.19880715705765406,7.5546719681908545,26.44135188866799,34.990059642147116
2022-11-25,29.025844930417495,1.3916500994035785,0.19880715705765406,6.958250497017893,26.043737574552683,35.188866799204774
2022-11-28,28.628230616302186,1.5904572564612325,0.5964214711729622,10.337972166998012,27.435387673956264,30.218687872763418
2022-11-29,29.4234592445328,1.1928429423459244,0.5964214711729622,10.536779324055665,27.435387673956264,29.62226640159046
2022-11-30,30.81510934393638,0.5964214711729622,0.19880715705765406,5.566600397614314,26.043737574552683,35.586481113320076
2022-12-01,31.01391650099404,1.1928429423459244,0.3976143141153081,6.163021868787276,24.85089463220676,35.188866799204774
2022-12-02,32.20675944333996,1.3916500994035785,0.3976143141153081,6.163021868787276,25.844930417495032,32.80318091451292
2022-12-05,31.610337972166995,2.1868787276341948,1.1928429423459244,10.934393638170974,26.043737574552683,26.838966202783297
2022-12-06,32.007952286282304,3.3797216699801194,1.3916500994035785,14.314115308151093,23.856858846918488,23.856858846918488
2022-12-07,33.20079522862823,3.180914512922465,1.1928429423459244,14.512922465208748,24.85089463220676,21.868787276341948
2022-12-08,33.79721669980119,3.3797216699801194,1.3916500994035785,12.72365805168986,25.04970178926441,22.46520874751491
2022-12-09,33.39960238568588,4.3737574552683895,2.1868787276341948,13.717693836978132,24.652087475149106,20.47713717693837
2022-12-12,35.785288270377734,4.572564612326044,1.3916500994035785,11.928429423459244,22.46520874751491,22.664015904572565
2022-12-13,36.779324055666,4.970178926441352,1.5904572564612325,9.940357852882704,20.87475149105368,24.652087475149106
2022-12-14,36.58051689860835,5.566600397614314,1.7892644135188867,11.530815109343937,22.067594433399602,21.272365805168985
2022-12-15,32.40556660039761,7.75347912524851,3.9761431411530817,19.4831013916501,20.47713717693837,14.7117296222664
2022-12-16,30.019880715705767,10.139165009940358,4.970178926441352,24.85089463220676,17.495029821073558,11.332007952286283
2022-12-19,27.634194831013914,12.524850894632205,6.36182902584493,28.429423459244536,14.512922465208748,9.343936381709742
2022-12-20,29.025844930417495,11.928429423459244,6.36182902584493,28.628230616302186,14.314115308151093,8.548707753479125
2022-12-21,35.188866799204774,8.151093439363818,4.7713717693836974,24.85089463220676,15.50695825049702,10.337972166998012
2022-12-22,30.019880715705767,12.922465208747516,5.964214711729622,28.031809145129227,12.922465208747516,8.946322067594433
2022-12-23,33.59840954274354,10.73558648111332,5.36779324055666,26.44135188866799,13.518886679920477,9.145129224652088
2022-12-27,33.99602385685885,11.133200795228628,5.36779324055666,26.640159045725646,12.524850894632205,9.145129224652088
2022-12-28,26.24254473161034,18.48906560636183,6.560636182902585,31.21272365805169,10.139165009940358,6.163021868787276
2022-12-29,33.00198807157058,13.12127236580517,5.7654075546719685,24.45328031809145,13.916500994035786,8.548707753479125
2022-12-30,30.218687872763418,16.69980119284294,5.964214711729622,28.628230616302186,12.127236580516898,5.168986083499006
2023-01-03,29.025844930417495,17.09741550695825,6.958250497017893,27.833001988071572,11.928429423459244,5.964214711729622
2023-01-04,30.218687872763418,17.296222664015904,6.36182902584493,20.675944333996025,16.50099403578529,7.75347912524851
2023-01-05,25.44731610337972,21.868787276341948,7.75347912524851,25.646123260437374,13.717693836978132,4.3737574552683895
2023-01-06,38.9662027833002,11.530815109343937,5.168986083499006,17.296222664015904,17.892644135188867,7.952286282306163
2023-01-09,36.18290258449304,13.320079522862823,6.759443339960239,16.302186878727635,17.09741550695825,9.145129224652088
2023-01-10,38.36978131212724,12.524850894632205,6.560636182902585,13.916500994035786,16.69980119284294,10.73558648111332
2023-01-11,41.94831013916501,10.337972166998012,5.168986083499006,8.548707753479125,19.681908548707753,13.12127236580517
2023-01-12,42.54473161033797,11.530815109343937,3.5785288270377733,8.548707753479125,18.886679920477135,13.717693836978132
2023-01-13,43.737574552683895,10.73558648111332,3.7773359840954273,9.145129224652088,18.687872763419485,12.72365805168986
2023-01-17,42.54473161033797,12.72365805168986,3.3797216699801194,8.548707753479125,20.07952286282306,11.530815109343937
2023-01-18,34.990059642147116,18.290258449304176,6.560636182902585,15.904572564612327,15.705765407554672,7.3558648111332
2023-01-19,27.037773359840955,25.04970178926441,8.151093439363818,18.48906560636183,14.115308151093439,5.964214711729622
2023-01-20,35.785288270377734,19.4831013916501,5.566600397614314,12.524850894632205,17.09741550695825,8.34990059642147
2023-01-23,39.761431411530815,16.50099403578529,5.36779324055666,10.139165009940358,15.904572564612327,11.133200795228628
2023-01-24,42.34592445328032,14.910536779324055,5.566600397614314,11.332007952286283,15.50695825049702,9.145129224652088
2023-01-25,41.5506958250497,15.109343936381709,6.36182902584493,10.139165009940358,15.904572564612327,9.74155069582505
2023-01-26,43.737574552683895,13.12127236580517,6.36182902584493,8.34990059642147,15.904572564612327,11.332007952286283
2023-01-27,43.141153081510936,13.320079522862823,6.958250497017893,8.946322067594433,13.717693836978132,12.72365805168986
2023-01-30,40.357852882703774,15.109343936381709,7.952286282306163,10.139165009940358,13.717693836978132,11.530815109343937
2023-01-31,45.52683896620278,14.115308151093439,4.970178926441352,7.3558648111332,13.320079522862823,13.518886679920477
2023-02-01,45.92445328031809,13.518886679920477,5.566600397614314,5.566600397614314,12.72365805168986,15.50695825049702
2023-02-02,43.93638170974155,15.50695825049702,5.964214711729622,4.7713717693836974,8.946322067594433,19.681908548707753
2023-02-03,43.141153081510936,16.10337972166998,6.759443339960239,6.958250497017893,10.73558648111332,15.109343936381709
2023-02-06,43.33996023856859,16.898608349900595,6.560636182902585,8.747514910536779,11.133200795228628,12.127236580516898
2023-02-07,46.71968190854871,14.314115308151093,5.7654075546719685,7.5546719681908545,10.934393638170974,13.518886679920477
2023-02-08,45.12922465208747,14.512922465208748,6.759443339960239,9.940357852882704,10.139165009940358,12.326043737574553
2023-02-09,42.34592445328032,17.09741550695825,7.3558648111332,11.72962226640159,9.940357852882704,10.337972166998012
2023-02-10,44.93041749502982,16.10337972166998,5.7654075546719685,11.928429423459244,9.145129224652088,10.934393638170974
2023-02-13,49.50298210735586,12.127236580516898,5.36779324055666,9.542743538767395,10.337972166998012,11.928429423459244
2023-02-14,46.91848906560636,13.717693836978132,6.163021868787276,10.934393638170974,8.34990059642147,12.72365805168986
2023-02-15,47.713717693836976,12.922465208747516,5.964214711729622,10.73558648111332,8.151093439363818,13.320079522862823
2023-02-16,44.731610337972164,15.109343936381709,6.958250497017893,11.332007952286283,9.343936381709742,11.332007952286283
2023-02-17,46.12326043737575,15.308151093439365,5.964214711729622,12.127236580516898,9.74155069582505,9.542743538767395
2023-02-21,35.387673956262425,22.86282306163022,9.343936381709742,16.50099403578529,7.75347912524851,6.958250497017893
2023-02-22,35.188866799204774,22.86282306163022,9.74155069582505,16.50099403578529,7.952286282306163,6.560636182902585
2023-02-23,38.17097415506958,20.278330019880716,9.542743538767395,16.10337972166998,7.75347912524851,6.958250497017893
2023-02-24,33.59840954274354,22.664015904572565,11.72962226640159,17.693836978131213,8.151093439363818,4.970178926441352
2023-02-27,35.387673956262425,20.675944333996025,11.332007952286283,18.09145129224652,8.151093439363818,5.168986083499006
2023-02-28,32.20675944333996,22.664015904572565,11.530815109343937,20.07952286282306,8.151093439363818,4.174950298210735
2023-03-01,32.007952286282304,22.266401590457257,12.326043737574553,21.47117296222664,7.3558648111332,3.3797216699801194
2023-03-02,35.387673956262425,20.47713717693837,10.934393638170974,21.07355864811133,6.36182902584493,4.572564612326044
2023-03-03,40.357852882703774,19.880715705765407,7.157057654075547,17.892644135188867,7.157057654075547,6.36182902584493
2023-03-06,39.960238568588466,19.4831013916501,8.548707753479125,19.4831013916501,6.560636182902585,4.7713717693836974
2023-03-07,30.417495029821072,24.45328031809145,13.12127236580517,22.664015904572565,3.7773359840954273,4.3737574552683895
2023-03-08,30.81510934393638,24.45328031809145,13.320079522862823,21.669980119284293,4.572564612326044,3.9761431411530817
2023-03-09,21.868787276341948,26.838966202783297,20.47713717693837,24.652087475149106,2.1868787276341948,2.783300198807157
2023-03-10,14.512922465208748,29.22465208747515,25.04970178926441,27.037773359840955,0.9940357852882704,1.9880715705765408
2023-03-13,14.7117296222664,26.44135188866799,27.435387673956264,26.838966202783297,1.5904572564612325,1.7892644135188867
2023-03-14,20.675944333996025,25.04970178926441,22.664015904572565,26.043737574552683,2.783300198807157,1.5904572564612325
2023-03-15,14.314115308151093,25.646123260437374,28.628230616302186,24.45328031809145,3.5785288270377733,2.1868787276341948
2023-03-16,18.886679920477135,25.24850894632207,24.652087475149106,23.061630218687874,4.7713717693836974,2.1868787276341948
2023-03-17,15.50695825049702,23.061630218687874,30.218687872763418,24.055666003976143,3.7773359840954273,2.1868787276341948
2023-03-20,20.07952286282306,25.844930417495032,23.061630218687874,23.26043737574553,4.3737574552683895,2.1868787276341948
2023-03-21,22.86282306163022,26.24254473161034,19.880715705765407,25.44731610337972,2.1868787276341948,2.1868787276341948
2023-03-22,17.693836978131213,25.844930417495032,25.44731610337972,26.44135188866799,2.1868787276341948,1.1928429423459244
2023-03-23,18.09145129224652,23.658051689860834,27.037773359840955,27.037773359840955,1.7892644135188867,1.1928429423459244
2023-03-24,20.07952286282306,22.664015904572565,25.844930417495032,25.646123260437374,2.783300198807157,1.7892644135188867
2023-03-27,21.07355864811133,24.45328031809145,22.067594433399602,26.043737574552683,3.3797216699801194,1.7892644135188867
2023-03-28,21.47117296222664,26.043737574552683,19.4831013916501,26.24254473161034,4.174950298210735,1.3916500994035785
2023-03-29,27.236580516898606,24.055666003976143,15.50695825049702,23.26043737574553,5.168986083499006,3.5785288270377733
2023-03-30,30.417495029821072,22.46520874751491,13.320079522862823,22.067594433399602,6.759443339960239,3.7773359840954273
2023-03-31,38.17097415506958,17.892644135188867,9.343936381709742,19.681908548707753,8.151093439363818,5.566600397614314
2023-04-03,40.357852882703774,15.904572564612327,8.747514910536779,19.08548707753479,8.548707753479125,6.163021868787276
2023-04-04,32.007952286282304,20.87475149105368,11.332007952286283,20.675944333996025,7.157057654075547,6.759443339960239
2023-04-05,29.62226640159046,21.272365805168985,13.12127236580517,19.681908548707753,6.560636182902585,8.548707753479125
2023-04-06,28.628230616302186,21.868787276341948,12.922465208747516,18.886679920477135,8.151093439363818,8.34990059642147
2023-04-10,33.39960238568588,18.290258449304176,11.133200795228628,18.886679920477135,8.946322067594433,8.151093439363818
2023-04-11,34.990059642147116,19.284294234592444,7.5546719681908545,17.495029821073558,9.542743538767395,9.940357852882704
2023-04-12,34.59244532803181,18.886679920477135,7.75347912524851,20.675944333996025,8.151093439363818,8.747514910536779
2023-04-13,36.18290258449304,18.290258449304176,5.964214711729622,17.495029821073558,10.337972166998012,10.536779324055665
2023-04-14,36.18290258449304,17.495029821073558,6.36182902584493,19.08548707753479,10.934393638170974,8.747514910536779
2023-04-17,38.9662027833002,16.69980119284294,4.970178926441352,18.09145129224652,11.332007952286283,8.747514910536779
2023-04-18,41.15308151093439,14.910536779324055,4.572564612326044,16.898608349900595,12.922465208747516,8.34990059642147
2023-04-19,39.761431411530815,15.904572564612327,3.7773359840954273,18.290258449304176,11.530815109343937,9.542743538767395
2023-04-20,39.960238568588466,14.115308151093439,5.36779324055666,20.47713717693837,10.536779324055665,8.34990059642147
2023-04-21,38.9662027833002,14.512922465208748,5.168986083499006,20.47713717693837,11.133200795228628,8.548707753479125
2023-04-24,39.165009940357855,14.512922465208748,4.7713717693836974,18.290258449304176,13.717693836978132,8.34990059642147
2023-04-25,31.610337972166995,16.302186878727635,9.145129224652088,26.043737574552683,8.151093439363818,7.5546719681908545
2023-04-26,28.230616302186878,17.09741550695825,11.133200795228628,30.218687872763418,6.958250497017893,5.168986083499006
2023-04-27,33.59840954274354,13.916500994035786,8.946322067594433,23.658051689860834,9.940357852882704,8.747514910536779
2023-04-28,36.779324055666,13.717693836978132,6.163021868787276,18.687872763419485,11.928429423459244,11.530815109343937
2023-05-01,37.97216699801193,11.928429423459244,6.759443339960239,17.495029821073558,15.308151093439365,9.343936381709742
2023-05-02,32.60437375745527,13.320079522862823,10.337972166998012,26.043737574552683,9.145129224652088,7.3558648111332
2023-05-03,31.01391650099404,13.12127236580517,12.922465208747516,26.640159045725646,9.343936381709742,5.7654075546719685
2023-05-04,30.218687872763418,11.72962226640159,15.308151093439365,27.236580516898606,6.958250497017893,7.3558648111332
2023-05-05,34.39363817097416,11.332007952286283,10.934393638170974,22.266401590457257,11.332007952286283,8.548707753479125
2023-05-08,35.387673956262425,10.536779324055665,10.934393638170974,22.46520874751491,10.934393638170974,8.548707753479125
2023-05-09,34.791252485089466,10.337972166998012,11.133200795228628,24.85089463220676,10.337972166998012,7.3558648111332
2023-05-10,34.791252485089466,10.337972166998012,11.332007952286283,25.844930417495032,8.34990059642147,8.151093439363818
2023-05-11,33.39960238568588,10.536779324055665,12.127236580516898,26.640159045725646,8.946322067594433,7.157057654075547
2023-05-12,33.79721669980119,10.337972166998012,11.72962226640159,26.838966202783297,8.747514910536779,7.3558648111332
2023-05-15,34.59244532803181,10.73558648111332,9.74155069582505,27.435387673956264,9.74155069582505,6.560636182902585
2023-05-16,31.01391650099404,9.940357852882704,12.922465208747516,33.00198807157058,6.560636182902585,5.36779324055666
2023-05-17,33.20079522862823,9.74155069582505,10.73558648111332,29.025844930417495,9.542743538767395,6.560636182902585
2023-05-18,34.39363817097416,10.934393638170974,8.34990059642147,27.833001988071572,9.145129224652088,8.151093439363818
2023-05-19,34.59244532803181,10.536779324055665,8.747514910536779,27.833001988071572,9.940357852882704,7.157057654075547
2023-05-22,34.39363817097416,10.536779324055665,9.343936381709742,26.043737574552683,10.934393638170974,7.5546719681908545
2023-05-23,26.838966202783297,16.50099403578529,10.934393638170974,28.628230616302186,9.74155069582505,6.163021868787276
2023-05-24,22.067594433399602,18.886679920477135,13.320079522862823,33.00198807157058,7.157057654075547,4.3737574552683895
2023-05-25,21.868787276341948,16.898608349900595,15.308151093439365,33.59840954274354,6.163021868787276,4.970178926441352
2023-05-26,24.45328031809145,16.10337972166998,14.115308151093439,31.411530815109344,7.157057654075547,5.566600397614314
2023-05-30,23.45924453280318,16.50099403578529,15.50695825049702,31.21272365805169,6.958250497017893,5.168986083499006
2023-05-31,21.868787276341948,17.296222664015904,16.302186878727635,33.59840954274354,5.7654075546719685,3.9761431411530817
2023-06-01,24.85089463220676,15.50695825049702,15.705765407554672,30.81510934393638,6.759443339960239,5.168986083499006
2023-06-02,33.99602385685885,13.12127236580517,9.145129224652088,22.664015904572565,11.133200795228628,8.747514910536779
2023-06-05,32.20675944333996,14.7117296222664,9.542743538767395,24.652087475149106,10.337972166998012,7.3558648111332
2023-06-06,32.80318091451292,14.910536779324055,9.343936381709742,21.47117296222664,11.332007952286283,8.946322067594433
2023-06-07,35.984095427435385,13.717693836978132,8.548707753479125,17.09741550695825,13.717693836978132,9.74155069582505
2023-06-08,36.58051689860835,14.115308151093439,7.952286282306163,17.892644135188867,12.72365805168986,9.542743538767395
2023-06-09,35.785288270377734,14.7117296222664,7.75347912524851,17.693836978131213,13.717693836978132,9.145129224652088
2023-06-12,38.36978131212724,12.326043737574553,7.75347912524851,18.687872763419485,11.928429423459244,9.74155069582505
2023-06-13,41.35188866799205,10.139165009940358,7.3558648111332,15.109343936381709,12.922465208747516,11.928429423459244
2023-06-14,42.54473161033797,9.145129224652088,7.952286282306163,17.495029821073558,11.332007952286283,10.337972166998012
2023-06-15,45.12922465208747,9.542743538767395,4.970178926441352,14.512922465208748,11.332007952286283,13.320079522862823
2023-06-16,46.91848906560636,8.34990059642147,4.970178926441352,13.717693836978132,12.326043737574553,12.524850894632205
2023-06-20,43.93638170974155,9.343936381709742,6.36182902584493,17.693836978131213,11.332007952286283,10.139165009940358
2023-06-21,43.737574552683895,10.139165009940358,5.566600397614314,17.693836978131213,11.133200795228628,10.536779324055665
2023-06-22,43.141153081510936,10.337972166998012,5.168986083499006,21.868787276341948,10.139165009940358,8.151093439363818
2023-06-23,39.761431411530815,12.127236580516898,6.560636182902585,25.44731610337972,8.946322067594433,5.964214711729622
2023-06-26,41.94831013916501,10.934393638170974,5.168986083499006,22.067594433399602,11.133200795228628,7.5546719681908545
2023-06-27,45.32803180914513,8.548707753479125,4.572564612326044,18.886679920477135,11.530815109343937,9.940357852882704
2023-06-28,44.333996023856855,7.952286282306163,5.964214711729622,19.880715705765407,10.934393638170974,9.74155069582505
2023-06-29,46.71968190854871,6.560636182902585,4.572564612326044,16.69980119284294,10.73558648111332,13.518886679920477
2023-06-30,48.31013916500994,5.36779324055666,4.174950298210735,13.916500994035786,12.524850894632205,14.512922465208748
2023-07-03,49.50298210735586,5.168986083499006,3.180914512922465,11.72962226640159,13.320079522862823,15.904572564612327
2023-07-05,50.89463220675944,4.970178926441352,2.1868787276341948,12.524850894632205,14.512922465208748,13.717693836978132
2023-07-06,48.111332007952285,6.163021868787276,2.982107355864811,15.109343936381709,14.512922465208748,11.928429423459244
2023-07-07,46.3220675944334,7.5546719681908545,3.180914512922465,14.512922465208748,14.512922465208748,12.72365805168986
2023-07-10,48.111332007952285,6.560636182902585,2.584493041749503,15.50695825049702,11.332007952286283,14.7117296222664
2023-07-11,50.09940357852882,6.163021868787276,1.5904572564612325,10.934393638170974,13.320079522862823,16.69980119284294
2023-07-12,51.29224652087475,5.168986083499006,1.5904572564612325,8.151093439363818,14.314115308151093,18.290258449304176
2023-07-13,52.286282306163024,4.174950298210735,1.1928429423459244,8.747514910536779,13.518886679920477,18.886679920477135
2023-07-14,52.286282306163024,4.3737574552683895,1.3916500994035785,9.343936381709742,15.904572564612327,15.50695825049702
2023-07-17,52.48508946322068,3.9761431411530817,1.9880715705765408,11.530815109343937,13.717693836978132,15.109343936381709
2023-07-18,52.48508946322068,4.174950298210735,2.1868787276341948,11.530815109343937,13.12127236580517,15.308151093439365
2023-07-19,53.08151093439364,4.572564612326044,1.3916500994035785,8.34990059642147,13.717693836978132,17.693836978131213
2023-07-20,53.28031809145129,4.174950298210735,1.1928429423459244,6.560636182902585,14.7117296222664,18.886679920477135
2023-07-21,54.27435387673957,3.7773359840954273,1.1928429423459244,6.958250497017893,13.320079522862823,19.284294234592444
2023-07-24,55.26838966202783,3.3797216699801194,1.1928429423459244,5.36779324055666,14.7117296222664,18.886679920477135
2023-07-25,56.2624254473161,2.584493041749503,1.3916500994035785,7.157057654075547,12.72365805168986,18.687872763419485
2023-07-26,55.26838966202783,3.5785288270377733,1.7892644135188867,6.958250497017893,12.72365805168986,18.48906560636183
2023-07-27,52.286282306163024,6.36182902584493,1.9880715705765408,9.74155069582505,12.127236580516898,16.302186878727635
2023-07-28,53.47912524850894,5.7654075546719685,1.9880715705765408,9.940357852882704,12.524850894632205,15.109343936381709
2023-07-31,53.677932405566594,6.759443339960239,1.7892644135188867,8.548707753479125,13.12127236580517,14.910536779324055
2023-08-01,53.677932405566594,6.36182902584493,2.3856858846918487,10.139165009940358,13.12127236580517,13.12127236580517
2023-08-02,49.30417495029821,10.337972166998012,3.5785288270377733,11.72962226640159,11.530815109343937,12.326043737574553
2023-08-03,45.52683896620278,11.530815109343937,6.36182902584493,13.916500994035786,9.542743538767395,11.928429423459244
2023-08-04,40.95427435387674,14.314115308151093,8.151093439363818,15.109343936381709,9.542743538767395,10.73558648111332
2023-08-07,45.12922465208747,11.928429423459244,6.36182902584493,14.7117296222664,8.747514910536779,11.928429423459244
2023-08-08,40.357852882703774,15.705765407554672,7.5546719681908545,15.308151093439365,9.145129224652088,10.73558648111332
2023-08-09,38.9662027833002,17.296222664015904,7.75347912524851,15.308151093439365,8.548707753479125,10.934393638170974
2023-08-10,38.9662027833002,16.302186878727635,9.343936381709742,15.308151093439365,8.946322067594433,9.940357852882704
2023-08-11,37.37574552683897,19.08548707753479,8.34990059642147,16.302186878727635,8.151093439363818,9.542743538767395
2023-08-14,38.9662027833002,17.693836978131213,9.145129224652088,16.898608349900595,7.157057654075547,8.946322067594433
2023-08-15,33.79721669980119,20.47713717693837,11.133200795228628,20.675944333996025,5.964214711729622,6.759443339960239
2023-08-16,29.4234592445328,23.26043737574553,13.320079522862823,21.272365805168985,5.566600397614314,5.964214711729622
2023-08-17,24.652087475149106,27.634194831013914,14.314115308151093,22.664015904572565,5.168986083499006,4.3737574552683895
2023-08-18,26.24254473161034,26.838966202783297,14.115308151093439,22.46520874751491,5.36779324055666,3.7773359840954273
2023-08-21,27.037773359840955,25.44731610337972,15.109343936381709,22.86282306163022,4.7713717693836974,3.5785288270377733
2023-08-22,25.04970178926441,25.44731610337972,17.09741550695825,23.856858846918488,4.7713717693836974,2.584493041749503
2023-08-23,31.01391650099404,20.87475149105368,15.904572564612327,23.45924453280318,5.168986083499006,2.3856858846918487
2023-08-24,24.45328031809145,26.640159045725646,16.50099403578529,24.055666003976143,4.970178926441352,2.1868787276341948
2023-08-25,27.037773359840955,24.652087475149106,15.705765407554672,24.254473161033797,4.572564612326044,2.584493041749503
2023-08-28,30.019880715705767,23.45924453280318,13.916500994035786,24.055666003976143,4.3737574552683895,2.982107355864811
2023-08-29,34.39363817097416,21.47117296222664,10.73558648111332,21.868787276341948,5.964214711729622,4.3737574552683895
2023-08-30,38.36978131212724,18.48906560636183,9.74155069582505,22.266401590457257,5.964214711729622,3.9761431411530817
2023-08-31,36.779324055666,19.08548707753479,10.73558648111332,23.856858846918488,4.3737574552683895,3.9761431411530817
2023-09-01,39.165009940357855,17.296222664015904,10.139165009940358,23.658051689860834,3.5785288270377733,4.970178926441352
2023-09-05,31.21272365805169,21.669980119284293,13.916500994035786,25.646123260437374,3.180914512922465,3.180914512922465
2023-09-06,30.417495029821072,22.46520874751491,14.314115308151093,26.043737574552683,2.982107355864811,2.584493041749503
2023-09-07,31.411530815109344,20.07952286282306,15.904572564612327,26.24254473161034,2.783300198807157,2.3856858846918487
2023-09-08,31.610337972166995,19.284294234592444,16.10337972166998,26.44135188866799,2.982107355864811,2.3856858846918487
2023-09-11,32.20675944333996,19.880715705765407,14.314115308151093,26.043737574552683,3.9761431411530817,2.3856858846918487
2023-09-12,29.82107355864811,22.266401590457257,13.916500994035786,26.24254473161034,3.7773359840954273,2.783300198807157
2023-09-13,28.82703777335984,23.061630218687874,13.717693836978132,26.24254473161034,4.174950298210735,2.783300198807157
2023-09-14,32.60437375745527,22.067594433399602,10.73558648111332,24.254473161033797,5.168986083499006,3.9761431411530817
2023-09-15,27.833001988071572,25.24850894632207,11.72962226640159,25.844930417495032,4.174950298210735,3.9761431411530817
2023-09-18,28.429423459244536,23.658051689860834,12.524850894632205,26.043737574552683,4.3737574552683895,3.7773359840954273
2023-09-19,26.44135188866799,25.646123260437374,12.72365805168986,26.44135188866799,4.970178926441352,2.584493041749503
2023-09-20,24.45328031809145,26.44135188866799,12.922465208747516,27.833001988071572,4.174950298210735,2.982107355864811
2023-09-21,16.50099403578529,29.22465208747515,18.290258449304176,30.218687872763418,2.584493041749503,1.9880715705765408
2023-09-22,16.302186878727635,28.82703777335984,18.687872763419485,31.21272365805169,2.3856858846918487,1.3916500994035785
2023-09-25,18.48906560636183,27.435387673956264,17.296222664015904,31.809145129224653,2.3856858846918487,1.3916500994035785
2023-09-26,12.524850894632205,29.025844930417495,21.669980119284293,33.00198807157058,1.7892644135188867,0.7952286282306162
2023-09-27,14.115308151093439,27.634194831013914,20.07952286282306,34.39363817097416,1.5904572564612325,0.9940357852882704
2023-09-28,18.48906560636183,24.45328031809145,18.290258449304176,34.59244532803181,2.1868787276341948,0.7952286282306162
2023-09-29,14.512922465208748,27.833001988071572,18.687872763419485,34.791252485089466,2.1868787276341948,0.7952286282306162
2023-10-02,11.72962226640159,29.22465208747515,20.07952286282306,35.387673956262425,1.3916500994035785,0.9940357852882704
2023-10-03,7.75347912524851,30.61630218687873,21.07355864811133,37.77335984095427,1.1928429423459244,0.5964214711729622
2023-10-04,10.73558648111332,28.82703777335984,18.687872763419485,38.767395626242546,1.1928429423459244,0.7952286282306162
2023-10-05,12.127236580516898,26.640159045725646,19.08548707753479,39.165009940357855,1.1928429423459244,0.7952286282306162
2023-10-06,16.302186878727635,23.26043737574553,17.495029821073558,38.56858846918489,1.9880715705765408,1.3916500994035785
2023-10-09,20.675944333996025,21.868787276341948,13.518886679920477,38.56858846918489,3.180914512922465,1.1928429423459244
2023-10-10,22.067594433399602,22.86282306163022,10.337972166998012,38.56858846918489,3.3797216699801194,1.7892644135188867
2023-10-11,27.435387673956264,16.898608349900595,9.940357852882704,38.36978131212724,4.3737574552683895,1.9880715705765408
2023-10-12,23.26043737574553,18.09145129224652,12.127236580516898,39.960238568588466,3.5785288270377733,1.9880715705765408
2023-10-13,21.669980119284293,18.290258449304176,13.320079522862823,39.761431411530815,4.174950298210735,1.7892644135188867
2023-10-16,25.646123260437374,16.50099403578529,9.940357852882704,38.56858846918489,5.566600397614314,2.783300198807157
2023-10-17,26.640159045725646,16.302186878727635,8.946322067594433,36.58051689860835,7.3558648111332,3.180914512922465
2023-10-18,21.47117296222664,17.892644135188867,11.72962226640159,40.15904572564612,5.566600397614314,2.1868787276341948
2023-10-19,16.898608349900595,20.278330019880716,13.717693836978132,42.54473161033797,3.3797216699801194,2.1868787276341948
2023-10-20,12.922465208747516,20.87475149105368,16.302186878727635,44.53280318091451,3.3797216699801194,0.9940357852882704
2023-10-23,11.332007952286283,21.07355864811133,16.898608349900595,45.92445328031809,2.584493041749503,1.1928429423459244
2023-10-24,13.12127236580517,20.07952286282306,15.705765407554672,45.12922465208747,3.5785288270377733,1.3916500994035785
2023-10-25,10.934393638170974,18.886679920477135,18.48906560636183,45.92445328031809,3.180914512922465,1.5904572564612325
2023-10-26,9.74155069582505,18.886679920477135,18.886679920477135,45.92445328031809,3.5785288270377733,1.9880715705765408
2023-10-27,6.759443339960239,18.687872763419485,21.669980119284293,48.111332007952285,2.783300198807157,0.9940357852882704
2023-10-30,9.940357852882704,18.687872763419485,18.09145129224652,47.31610337972167,3.5785288270377733,1.3916500994035785
2023-10-31,13.12127236580517,17.892644135188867,15.308151093439365,44.93041749502982,4.970178926441352,2.783300198807157
2023-11-01,16.69980119284294,16.50099403578529,12.72365805168986,43.737574552683895,5.964214711729622,3.3797216699801194
2023-11-02,24.45328031809145,14.314115308151093,7.5546719681908545,35.387673956262425,13.12127236580517,4.174950298210735
2023-11-03,27.833001988071572,12.524850894632205,5.7654075546719685,29.22465208747515,17.892644135188867,5.7654075546719685
2023-11-06,26.043737574552683,13.518886679920477,6.759443339960239,31.21272365805169,16.69980119284294,4.7713717693836974
2023-11-07,26.640159045725646,11.72962226640159,7.75347912524851,32.60437375745527,15.705765407554672,4.572564612326044
2023-11-08,27.435387673956264,10.73558648111332,8.151093439363818,32.80318091451292,15.904572564612327,3.9761431411530817
2023-11-09,26.640159045725646,10.337972166998012,8.946322067594433,36.58051689860835,12.922465208747516,3.5785288270377733
2023-11-10,29.62226640159046,9.74155069582505,6.36182902584493,31.411530815109344,17.296222664015904,4.572564612326044
2023-11-13,29.4234592445328,10.139165009940358,5.7654075546719685,32.80318091451292,16.10337972166998,4.7713717693836974
2023-11-14,35.387673956262425,6.560636182902585,2.982107355864811,20.278330019880716,22.266401590457257,11.530815109343937
2023-11-15,35.984095427435385,5.964214711729622,2.982107355864811,19.08548707753479,22.46520874751491,12.524850894632205
2023-11-16,33.59840954274354,6.759443339960239,4.7713717693836974,19.08548707753479,21.868787276341948,12.922465208747516
2023-11-17,35.387673956262425,5.964214711729622,3.5785288270377733,16.898608349900595,22.067594433399602,15.109343936381709
2023-11-20,35.984095427435385,4.7713717693836974,3.5785288270377733,16.69980119284294,21.868787276341948,16.10337972166998
2023-11-21,34.990059642147116,5.36779324055666,3.9761431411530817,17.09741550695825,21.47117296222664,16.10337972166998
2023-11-22,35.586481113320076,5.168986083499006,3.5785288270377733,14.910536779324055,22.067594433399602,17.693836978131213
2023-11-24,36.381709741550694,4.7713717693836974,2.982107355864811,13.916500994035786,21.669980119284293,19.284294234592444
2023-11-27,36.18290258449304,4.7713717693836974,3.180914512922465,14.7117296222664,21.868787276341948,18.290258449304176
2023-11-28,36.18290258449304,4.970178926441352,2.584493041749503,14.314115308151093,22.266401590457257,18.687872763419485
2023-11-29,35.785288270377734,6.163021868787276,2.1868787276341948,13.717693836978132,21.272365805168985,19.880715705765407
2023-11-30,36.97813121272366,4.970178926441352,1.9880715705765408,11.928429423459244,22.067594433399602,21.07355864811133
2023-12-01,38.56858846918489,4.572564612326044,1.5904572564612325,7.3558648111332,21.272365805168985,25.646123260437374
2023-12-04,38.36978131212724,4.7713717693836974,1.9880715705765408,7.5546719681908545,20.675944333996025,25.646123260437374
2023-12-05,37.57455268389662,4.970178926441352,3.180914512922465,8.747514910536779,22.86282306163022,21.669980119284293
2023-12-06,35.785288270377734,5.168986083499006,4.572564612326044,8.747514910536779,20.675944333996025,24.055666003976143
2023-12-07,36.381709741550694,5.168986083499006,4.174950298210735,8.747514910536779,20.278330019880716,24.254473161033797
2023-12-08,38.56858846918489,4.572564612326044,3.7773359840954273,8.34990059642147,18.687872763419485,25.04970178926441
2023-12-11,40.15904572564612,3.9761431411530817,3.3797216699801194,6.560636182902585,18.687872763419485,26.24254473161034
2023-12-12,39.960238568588466,3.9761431411530817,3.9761431411530817,6.759443339960239,18.886679920477135,25.44731610337972
2023-12-13,41.74950298210736,3.9761431411530817,2.783300198807157,3.3797216699801194,16.50099403578529,30.61630218687873
2023-12-14,42.14711729622266,4.572564612326044,2.783300198807157,2.982107355864811,14.115308151093439,32.40556660039761
2023-12-15,42.74353876739563,5.36779324055666,2.783300198807157,3.9761431411530817,16.69980119284294,27.435387673956264
2023-12-18,44.93041749502982,4.572564612326044,2.584493041749503,3.5785288270377733,16.50099403578529,26.838966202783297
2023-12-19,46.52087475149106,4.174950298210735,1.9880715705765408,2.982107355864811,14.314115308151093,29.025844930417495
2023-12-20,44.333996023856855,5.964214711729622,2.3856858846918487,6.36182902584493,16.69980119284294,23.26043737574553
2023-12-21,47.11729622266402,4.174950298210735,1.9880715705765408,4.7713717693836974,15.904572564612327,25.04970178926441
2023-12-22,48.31013916500994,3.9761431411530817,1.7892644135188867,4.3737574552683895,16.10337972166998,24.45328031809145
2023-12-26,50.29821073558648,4.174950298210735,1.3916500994035785,3.9761431411530817,15.109343936381709,24.055666003976143
2023-12-27,51.0934393638171,4.7713717693836974,1.3916500994035785,4.174950298210735,14.512922465208748,23.061630218687874
2023-12-28,51.491053677932406,4.970178926441352,1.5904572564612325,3.7773359840954273,13.916500994035786,23.26043737574553
2023-12-29,52.087475149105366,4.7713717693836974,1.7892644135188867,3.5785288270377733,14.314115308151093,22.46520874751491
2024-01-02,54.27435387673957,3.9761431411530817,1.5904572564612325,2.3856858846918487,13.916500994035786,22.86282306163022
2024-01-03,54.47316103379721,4.7713717693836974,1.1928429423459244,2.584493041749503,16.50099403578529,19.4831013916501
2024-01-04,53.47912524850894,5.7654075546719685,1.7892644135188867,3.3797216699801194,16.302186878727635,18.290258449304176
2024-01-05,53.28031809145129,6.560636182902585,1.5904572564612325,3.7773359840954273,15.50695825049702,18.290258449304176
2024-01-08,56.461232604373755,3.7773359840954273,2.1868787276341948,2.982107355864811,15.308151093439365,18.290258449304176
2024-01-09,55.26838966202783,5.566600397614314,2.584493041749503,5.168986083499006,13.717693836978132,16.69980119284294
2024-01-10,56.66003976143141,5.7654075546719685,2.584493041749503,5.964214711729622,12.922465208747516,15.109343936381709
2024-01-11,57.85288270377733,5.566600397614314,2.584493041749503,7.3558648111332,12.922465208747516,12.72365805168986
2024-01-12,59.24453280318092,5.964214711729622,2.584493041749503,7.5546719681908545,12.72365805168986,10.934393638170974
2024-01-16,59.443339960238575,5.964214711729622,2.982107355864811,10.536779324055665,11.332007952286283,8.747514910536779
2024-01-17,55.666003976143145,8.946322067594433,4.572564612326044,13.518886679920477,10.139165009940358,6.163021868787276
2024-01-18,56.66003976143141,7.952286282306163,4.572564612326044,13.12127236580517,9.74155069582505,6.958250497017893
2024-01-19,58.8469184890656,5.964214711729622,4.970178926441352,12.72365805168986,9.542743538767395,6.958250497017893
2024-01-22,59.443339960238575,6.163021868787276,4.3737574552683895,12.524850894632205,9.542743538767395,6.958250497017893
2024-01-23,59.84095427435388,5.566600397614314,5.168986083499006,10.934393638170974,10.536779324055665,6.958250497017893
2024-01-24,57.45526838966203,7.75347912524851,5.7654075546719685,13.320079522862823,9.145129224652088,5.566600397614314
2024-01-25,60.437375745526836,5.964214711729622,5.36779324055666,10.73558648111332,9.74155069582505,6.759443339960239
2024-01-26,60.039761431411534,7.75347912524851,4.970178926441352,10.139165009940358,9.542743538767395,6.560636182902585
2024-01-29,60.63618290258449,8.34990059642147,4.3737574552683895,9.145129224652088,9.343936381709742,7.157057654075547
2024-01-30,61.23260437375746,7.952286282306163,4.3737574552683895,10.73558648111332,8.548707753479125,6.163021868787276
2024-01-31,53.28031809145129,13.916500994035786,6.560636182902585,13.518886679920477,6.560636182902585,5.168986083499006
2024-02-01,57.85288270377733,12.127236580516898,3.5785288270377733,10.934393638170974,7.157057654075547,7.3558648111332
2024-02-02,54.27435387673957,13.12127236580517,6.759443339960239,12.524850894632205,6.958250497017893,5.36779324055666
2024-02-05,50.29821073558648,15.308151093439365,9.145129224652088,14.910536779324055,5.168986083499006,4.174950298210735
2024-02-06,53.28031809145129,14.314115308151093,7.5546719681908545,13.12127236580517,5.964214711729622,4.7713717693836974
2024-02-07,54.67196819085487,13.518886679920477,7.3558648111332,13.916500994035786,5.566600397614314,3.9761431411530817
2024-02-08,55.46719681908549,11.928429423459244,8.34990059642147,14.7117296222664,4.572564612326044,3.9761431411530817
2024-02-09,54.87077534791253,13.12127236580517,7.75347912524851,14.910536779324055,4.970178926441352,3.3797216699801194
2024-02-12,56.2624254473161,12.326043737574553,7.5546719681908545,13.320079522862823,5.168986083499006,4.3737574552683895
2024-02-13,46.71968190854871,19.4831013916501,9.74155069582505,15.904572564612327,4.7713717693836974,2.3856858846918487
2024-02-14,49.70178926441352,18.290258449304176,8.34990059642147,15.705765407554672,4.174950298210735,2.783300198807157
2024-02-15,54.87077534791253,14.7117296222664,6.759443339960239,13.320079522862823,5.566600397614314,3.7773359840954273
2024-02-16,52.683896620278325,14.7117296222664,9.145129224652088,13.916500994035786,4.572564612326044,3.9761431411530817
2024-02-20,53.47912524850894,14.910536779324055,8.747514910536779,14.314115308151093,4.572564612326044,3.180914512922465
2024-02-21,55.069582504970185,15.308151093439365,6.958250497017893,12.326043737574553,4.970178926441352,4.572564612326044
2024-02-22,56.063618290258454,15.308151093439365,6.163021868787276,11.332007952286283,5.36779324055666,4.970178926441352
2024-02-23,58.25049701789264,13.717693836978132,5.964214711729622,10.73558648111332,5.566600397614314,4.970178926441352
2024-02-26,54.87077534791253,14.910536779324055,8.151093439363818,13.12127236580517,3.9761431411530817,4.174950298210735
2024-02-27,56.063618290258454,14.7117296222664,7.5546719681908545,11.928429423459244,4.7713717693836974,4.174950298210735
2024-02-28,57.25646123260437,12.922465208747516,7.75347912524851,12.524850894632205,4.572564612326044,4.174950298210735
2024-02-29,58.64811133200796,13.320079522862823,5.566600397614314,12.127236580516898,4.3737574552683895,5.168986083499006
2024-03-01,60.238568588469185,12.127236580516898,5.168986083499006,12.127236580516898,5.7654075546719685,3.7773359840954273
2024-03-04,62.62425447316103,9.940357852882704,4.970178926441352,11.928429423459244,5.168986083499006,4.572564612326044
2024-03-05,60.238568588469185,11.530815109343937,5.7654075546719685,12.524850894632205,5.566600397614314,3.5785288270377733
2024-03-06,62.82306163021869,9.74155069582505,4.7713717693836974,10.934393638170974,6.163021868787276,4.7713717693836974
2024-03-07,63.618290258449306,9.74155069582505,3.7773359840954273,9.74155069582505,6.163021868787276,6.163021868787276
2024-03-08,64.81113320079523,8.946322067594433,3.180914512922465,9.542743538767395,6.560636182902585,6.163021868787276
2024-03-11,67.19681908548708,7.952286282306163,1.9880715705765408,8.34990059642147,6.560636182902585,7.157057654075547
2024-03-12,65.8051689860835,8.548707753479125,2.584493041749503,9.343936381709742,5.964214711729622,6.958250497017893
2024-03-13,66.00397614314116,8.34990059642147,2.783300198807157,7.952286282306163,7.157057654075547,6.958250497017893
2024-03-14,61.63021868787276,11.133200795228628,4.3737574552683895,9.940357852882704,5.7654075546719685,6.36182902584493
2024-03-15,59.24453280318092,13.916500994035786,4.174950298210735,9.74155069582505,6.560636182902585,5.566600397614314
2024-03-18,59.64214711729622,13.717693836978132,3.7773359840954273,9.145129224652088,6.759443339960239,6.163021868787276
2024-03-19,61.82902584493042,12.524850894632205,3.180914512922465,8.946322067594433,5.7654075546719685,6.958250497017893
2024-03-20,64.61232604373758,9.940357852882704,3.180914512922465,7.5546719681908545,6.560636182902585,7.3558648111332
2024-03-21,66.2027833001988,8.548707753479125,2.584493041749503,7.3558648111332,7.157057654075547,7.3558648111332
2024-03-22,64.41351888667992,10.139165009940358,2.783300198807157,9.145129224652088,6.36182902584493,6.36182902584493
2024-03-25,63.22067594433399,10.536779324055665,3.7773359840954273,9.145129224652088,5.964214711729622,6.560636182902585
2024-03-26,62.62425447316103,10.536779324055665,3.9761431411530817,10.73558648111332,5.36779324055666,5.964214711729622
2024-03-27,66.79920477137176,8.946322067594433,1.9880715705765408,5.566600397614314,6.759443339960239,9.145129224652088
2024-03-28,68.78727634194831,7.3558648111332,1.7892644135188867,5.168986083499006,6.163021868787276,9.940357852882704
2024-04-01,66.00397614314116,9.542743538767395,2.783300198807157,6.560636182902585,5.36779324055666,8.946322067594433
2024-04-02,61.431411530815105,13.320079522862823,3.7773359840954273,7.3558648111332,4.970178926441352,8.34990059642147
2024-04-03,60.834990059642145,13.12127236580517,4.572564612326044,6.759443339960239,6.759443339960239,7.157057654075547
2024-04-04,55.46719681908549,17.693836978131213,5.7654075546719685,7.75347912524851,6.163021868787276,6.36182902584493
2024-04-05,60.834990059642145,12.72365805168986,5.566600397614314,7.75347912524851,6.36182902584493,5.964214711729622
2024-04-08,61.23260437375746,12.72365805168986,5.7654075546719685,6.958250497017893,5.964214711729622,6.560636182902585
2024-04-09,61.431411530815105,14.115308151093439,4.572564612326044,5.566600397614314,5.566600397614314,7.952286282306163
2024-04-10,49.50298210735586,22.86282306163022,7.5546719681908545,8.548707753479125,5.566600397614314,5.168986083499006
2024-04-11,47.514910536779325,24.45328031809145,8.151093439363818,9.343936381709742,5.168986083499006,4.572564612326044
2024-04-12,36.381709741550694,32.60437375745527,10.536779324055665,11.72962226640159,4.572564612326044,3.3797216699801194
2024-04-15,29.82107355864811,38.17097415506958,11.332007952286283,13.320079522862823,3.7773359840954273,2.783300198807157
2024-04-16,25.844930417495032,41.15308151093439,12.72365805168986,14.910536779324055,2.1868787276341948,2.3856858846918487
2024-04-17,23.658051689860834,43.538767395626245,12.326043737574553,13.717693836978132,3.3797216699801194,2.584493041749503
2024-04-18,23.856858846918488,42.54473161033797,13.320079522862823,12.922465208747516,3.3797216699801194,3.180914512922465
2024-04-19,28.230616302186878,38.767395626242546,12.922465208747516,11.332007952286283,3.5785288270377733,4.3737574552683895
2024-04-22,32.40556660039761,37.17693836978131,10.337972166998012,11.133200795228628,2.584493041749503,5.566600397614314
2024-04-23,36.97813121272366,34.39363817097416,8.548707753479125,11.530815109343937,2.3856858846918487,5.36779324055666
2024-04-24,37.77335984095427,33.59840954274354,8.548707753479125,11.72962226640159,1.9880715705765408,5.566600397614314
2024-04-25,35.188866799204774,34.990059642147116,9.940357852882704,11.72962226640159,1.5904572564612325,5.7654075546719685
2024-04-26,37.37574552683897,32.60437375745527,9.940357852882704,11.530815109343937,2.584493041749503,5.168986083499006
2024-04-29,40.55666003976143,31.01391650099404,8.946322067594433,9.542743538767395,3.5785288270377733,5.566600397614314
2024-04-30,32.40556660039761,35.785288270377734,12.922465208747516,11.332007952286283,2.1868787276341948,4.572564612326044
2024-05-01,32.007952286282304,35.387673956262425,14.314115308151093,10.73558648111332,3.180914512922465,3.5785288270377733
2024-05-02,32.80318091451292,35.387673956262425,13.916500994035786,8.747514910536779,4.174950298210735,4.174950298210735
2024-05-03,35.586481113320076,33.79721669980119,12.524850894632205,9.74155069582505,3.180914512922465,4.3737574552683895
2024-05-06,42.94234592445328,27.634194831013914,11.133200795228628,9.74155069582505,2.982107355864811,4.7713717693836974
2024-05-07,44.333996023856855,27.236580516898606,9.74155069582505,9.542743538767395,2.982107355864811,5.36779324055666
2024-05-08,43.93638170974155,27.435387673956264,10.337972166998012,10.139165009940358,2.584493041749503,4.7713717693836974
2024-05-09,49.70178926441352,23.26043737574553,8.548707753479125,9.542743538767395,2.783300198807157,5.36779324055666
2024-05-10,50.89463220675944,23.658051689860834,7.75347912524851,9.542743538767395,2.584493041749503,4.7713717693836974
2024-05-13,50.29821073558648,24.254473161033797,6.958250497017893,9.145129224652088,3.9761431411530817,4.572564612326044
2024-05-14,52.88270377733598,22.46520874751491,6.163021868787276,8.34990059642147,4.7713717693836974,4.572564612326044
2024-05-15,55.666003976143145,19.880715705765407,5.964214711729622,8.548707753479125,4.3737574552683895,4.7713717693836974
2024-05-16,54.47316103379721,21.669980119284293,5.7654075546719685,8.34990059642147,4.3737574552683895,4.572564612326044
2024-05-17,55.26838966202783,20.675944333996025,5.36779324055666,8.151093439363818,4.572564612326044,5.168986083499006
2024-05-20,53.47912524850894,22.86282306163022,5.36779324055666,8.548707753479125,4.572564612326044,4.3737574552683895
2024-05-21,53.08151093439364,22.266401590457257,5.566600397614314,9.74155069582505,4.174950298210735,4.3737574552683895
2024-05-22,49.90059642147117,24.85089463220676,5.964214711729622,9.74155069582505,4.3737574552683895,4.3737574552683895
2024-05-23,42.94234592445328,28.429423459244536,9.145129224652088,14.115308151093439,2.1868787276341948,2.3856858846918487
2024-05-24,45.32803180914513,26.24254473161034,8.747514910536779,13.518886679920477,2.584493041749503,2.783300198807157
2024-05-28,38.767395626242546,30.218687872763418,11.332007952286283,12.922465208747516,3.180914512922465,2.783300198807157
2024-05-29,33.59840954274354,32.20675944333996,14.314115308151093,14.7117296222664,2.783300198807157,1.5904572564612325
2024-05-30,37.37574552683897,28.628230616302186,14.115308151093439,13.518886679920477,3.180914512922465,2.3856858846918487
2024-05-31,44.53280318091451,25.44731610337972,9.74155069582505,12.524850894632205,3.9761431411530817,2.982107355864811
2024-06-03,42.74353876739563,26.043737574552683,10.73558648111332,12.326043737574553,3.180914512922465,4.174950298210735
2024-06-04,40.55666003976143,27.634194831013914,10.73558648111332,12.524850894632205,3.9761431411530817,3.7773359840954273
2024-06-05,43.33996023856859,24.85089463220676,10.536779324055665,13.717693836978132,3.180914512922465,3.5785288270377733
2024-06-06,43.33996023856859,24.055666003976143,11.332007952286283,12.922465208747516,4.174950298210735,3.3797216699801194
2024-06-07,42.14711729622266,24.652087475149106,11.72962226640159,13.320079522862823,4.3737574552683895,2.982107355864811
2024-06-10,43.737574552683895,23.45924453280318,11.133200795228628,13.320079522862823,4.572564612326044,2.982107355864811
2024-06-11,40.55666003976143,25.844930417495032,11.928429423459244,14.512922465208748,3.7773359840954273,2.584493041749503
2024-06-12,42.54473161033797,24.45328031809145,11.133200795228628,13.916500994035786,4.572564612326044,2.584493041749503
2024-06-13,41.5506958250497,25.04970178926441,11.530815109343937,14.115308151093439,4.174950298210735,2.783300198807157
2024-06-14,38.36978131212724,26.640159045725646,12.72365805168986,14.910536779324055,3.7773359840954273,2.783300198807157
2024-06-17,41.15308151093439,25.04970178926441,11.332007952286283,14.910536779324055,3.7773359840954273,2.982107355864811
2024-06-18,42.94234592445328,23.26043737574553,10.73558648111332,14.512922465208748,4.3737574552683895,3.3797216699801194
2024-06-20,44.53280318091451,21.669980119284293,10.536779324055665,13.916500994035786,4.572564612326044,3.9761431411530817
2024-06-21,44.731610337972164,23.061630218687874,8.747514910536779,13.12127236580517,5.566600397614314,3.9761431411530817
2024-06-24,50.29821073558648,18.09145129224652,7.5546719681908545,13.320079522862823,5.964214711729622,3.9761431411530817
2024-06-25,43.141153081510936,24.254473161033797,8.34990059642147,15.308151093439365,4.970178926441352,3.180914512922465
2024-06-26,40.15904572564612,25.44731610337972,9.940357852882704,16.302186878727635,4.3737574552683895,2.982107355864811
2024-06-27,42.34592445328032,23.658051689860834,9.542743538767395,15.50695825049702,5.168986083499006,2.982107355864811
2024-06-28,40.55666003976143,27.037773359840955,8.34990059642147,15.109343936381709,5.566600397614314,2.584493041749503
2024-07-01,36.18290258449304,29.22465208747515,10.73558648111332,16.898608349900595,3.9761431411530817,2.1868787276341948
2024-07-02,39.761431411530815,25.44731610337972,11.133200795228628,15.109343936381709,5.7654075546719685,1.9880715705765408
2024-07-03,40.15904572564612,25.04970178926441,10.536779324055665,16.302186878727635,5.36779324055666,1.7892644135188867
2024-07-05,39.165009940357855,25.44731610337972,10.73558648111332,17.09741550695825,5.566600397614314,1.1928429423459244
2024-07-08,40.357852882703774,24.254473161033797,9.940357852882704,18.09145129224652,4.970178926441352,1.5904572564612325
2024-07-09,39.960238568588466,23.856858846918488,10.536779324055665,18.886679920477135,4.3737574552683895,1.5904572564612325
2024-07-10,45.12922465208747,21.07355864811133,7.952286282306163,17.495029821073558,5.168986083499006,2.3856858846918487
2024-07-11,53.47912524850894,14.512922465208748,5.7654075546719685,14.7117296222664,7.3558648111332,3.3797216699801194
2024-07-12,55.46719681908549,13.518886679920477,4.3737574552683895,11.332007952286283,8.548707753479125,5.964214711729622
2024-07-15,53.677932405566594,15.705765407554672,4.174950298210735,11.530815109343937,8.151093439363818,5.964214711729622
2024-07-16,59.84095427435388,11.133200795228628,2.3856858846918487,8.747514910536779,8.34990059642147,8.747514910536779
2024-07-17,56.66003976143141,14.115308151093439,2.584493041749503,5.964214711729622,10.337972166998012,9.542743538767395
2024-07-18,54.07554671968191,15.904572564612327,3.5785288270377733,9.145129224652088,9.145129224652088,7.3558648111332
2024-07-19,49.50298210735586,19.284294234592444,4.7713717693836974,10.337972166998012,8.946322067594433,6.36182902584493
2024-07-22,54.07554671968191,15.50695825049702,4.174950298210735,9.542743538767395,9.343936381709742,6.759443339960239
2024-07-23,52.88270377733598,14.512922465208748,5.964214711729622,11.332007952286283,8.946322067594433,5.7654075546719685
2024-07-24,46.91848906560636,20.47713717693837,5.7654075546719685,13.916500994035786,6.759443339960239,5.566600397614314
2024-07-25,47.11729622266402,20.07952286282306,5.566600397614314,10.934393638170974,9.343936381709742,6.36182902584493
2024-07-26,52.286282306163024,15.904572564612327,4.7713717693836974,8.946322067594433,7.952286282306163,9.542743538767395
2024-07-29,52.087475149105366,16.50099403578529,4.7713717693836974,7.952286282306163,9.343936381709742,8.747514910536779
2024-07-30,52.087475149105366,16.302186878727635,4.7713717693836974,7.952286282306163,8.151093439363818,10.139165009940358
2024-07-31,54.27435387673957,14.910536779324055,4.174950298210735,6.958250497017893,8.151093439363818,10.934393638170974
2024-08-01,47.713717693836976,17.495029821073558,7.5546719681908545,10.139165009940358,6.36182902584493,10.139165009940358
2024-08-02,40.357852882703774,19.4831013916501,12.326043737574553,11.72962226640159,6.163021868787276,9.343936381709742
2024-08-05,32.007952286282304,24.254473161033797,15.705765407554672,15.50695825049702,5.168986083499006,6.759443339960239
2024-08-06,36.381709741550694,21.47117296222664,14.115308151093439,13.916500994035786,5.7654075546719685,7.75347912524851
2024-08-07,34.1948310139165,21.47117296222664,16.10337972166998,14.910536779324055,5.36779324055666,7.3558648111332
2024-08-08,39.960238568588466,19.681908548707753,11.72962226640159,13.717693836978132,5.168986083499006,9.145129224652088
2024-08-09,43.737574552683895,15.904572564612327,11.928429423459244,13.12127236580517,5.7654075546719685,8.946322067594433
2024-08-12,40.75546719681908,17.693836978131213,12.922465208747516,14.7117296222664,5.36779324055666,7.952286282306163
2024-08-13,44.53280318091451,16.50099403578529,9.74155069582505,13.717693836978132,5.7654075546719685,9.145129224652088
2024-08-14,45.32803180914513,14.910536779324055,10.139165009940358,14.314115308151093,5.964214711729622,8.747514910536779
2024-08-15,48.9065606361829,13.717693836978132,7.157057654075547,11.928429423459244,6.759443339960239,10.934393638170974
2024-08-16,50.695825049701796,12.524850894632205,6.560636182902585,11.332007952286283,7.157057654075547,11.133200795228628
2024-08-19,54.07554671968191,10.934393638170974,5.168986083499006,9.940357852882704,8.34990059642147,10.934393638170974
2024-08-20,52.683896620278325,11.133200795228628,6.560636182902585,11.133200795228628,6.958250497017893,10.934393638170974
2024-08-21,55.864811133200796,9.74155069582505,4.7713717693836974,9.74155069582505,7.3558648111332,11.928429423459244
2024-08-22,55.26838966202783,9.74155069582505,5.7654075546719685,11.133200795228628,6.759443339960239,10.73558648111332
2024-08-23,59.64214711729622,6.759443339960239,4.3737574552683895,8.548707753479125,8.548707753479125,11.530815109343937
2024-08-26,58.64811133200796,8.151093439363818,4.7713717693836974,9.145129224652088,7.157057654075547,11.530815109343937
2024-08-27,58.64811133200796,8.151093439363818,4.572564612326044,10.139165009940358,6.958250497017893,10.934393638170974
2024-08-28,58.64811133200796,6.958250497017893,5.168986083499006,10.934393638170974,6.560636182902585,11.133200795228628
2024-08-29,59.24453280318092,7.5546719681908545,3.7773359840954273,9.74155069582505,8.34990059642147,10.73558648111332
2024-08-30,62.82306163021869,5.36779324055666,2.3856858846918487,9.940357852882704,7.3558648111332,11.530815109343937
2024-09-03,56.461232604373755,9.145129224652088,4.7713717693836974,13.916500994035786,4.970178926441352,10.139165009940358
2024-09-04,55.069582504970185,10.337972166998012,4.7713717693836974,14.115308151093439,6.163021868787276,8.946322067594433
2024-09-05,52.88270377733598,11.530815109343937,5.36779324055666,16.10337972166998,6.163021868787276,7.3558648111332
2024-09-06,47.713717693836976,14.910536779324055,7.5546719681908545,18.886679920477135,4.174950298210735,6.163021868787276
2024-09-09,52.087475149105366,12.922465208747516,5.168986083499006,16.69980119284294,5.7654075546719685,6.759443339960239
2024-09-10,51.29224652087475,12.72365805168986,6.163021868787276,16.898608349900595,5.36779324055666,6.958250497017893
2024-09-11,53.08151093439364,11.530815109343937,5.566600397614314,16.302186878727635,6.163021868787276,6.759443339960239
2024-09-12,55.26838966202783,9.74155069582505,5.168986083499006,15.109343936381709,6.560636182902585,7.5546719681908545
2024-09-13,56.85884691848907,9.343936381709742,3.3797216699801194,14.512922465208748,6.560636182902585,8.747514910536779
2024-09-16,58.8469184890656,8.151093439363818,3.180914512922465,13.12127236580517,7.952286282306163,8.151093439363818
2024-09-17,60.437375745526836,8.34990059642147,1.9880715705765408,12.524850894632205,7.952286282306163,8.151093439363818
2024-09-18,59.04572564612326,9.343936381709742,2.982107355864811,12.524850894632205,7.157057654075547,8.34990059642147
2024-09-19,64.21471172962227,6.36182902584493,1.1928429423459244,8.34990059642147,9.542743538767395,9.74155069582505
2024-09-20,61.63021868787276,7.952286282306163,2.1868787276341948,10.73558648111332,9.542743538767395,7.3558648111332
2024-09-23,63.22067594433399,6.958250497017893,1.9880715705765408,9.542743538767395,9.940357852882704,7.75347912524851
2024-09-24,62.62425447316103,7.3558648111332,2.3856858846918487,8.747514910536779,9.343936381709742,8.946322067594433
2024-09-25,59.04572564612326,8.946322067594433,3.9761431411530817,9.74155069582505,10.139165009940358,7.5546719681908545
2024-09-26,62.22664015904572,7.3558648111332,2.3856858846918487,7.75347912524851,9.940357852882704,9.74155069582505
2024-09-27,62.62425447316103,7.5546719681908545,1.5904572564612325,6.958250497017893,9.343936381709742,11.332007952286283
2024-09-30,64.61232604373758,5.964214711729622,1.3916500994035785,7.3558648111332,9.542743538767395,10.536779324055665
2024-10-01,61.431411530815105,8.34990059642147,2.3856858846918487,9.145129224652088,9.74155069582505,8.34990059642147
2024-10-02,59.64214711729622,9.74155069582505,2.783300198807157,9.542743538767395,9.343936381709742,8.34990059642147
2024-10-03,56.063618290258454,11.928429423459244,4.3737574552683895,10.337972166998012,8.747514910536779,7.952286282306163
2024-10-04,57.65407554671968,11.928429423459244,3.5785288270377733,8.548707753479125,9.74155069582505,7.952286282306163
2024-10-07,51.491053677932406,15.50695825049702,6.163021868787276,9.74155069582505,9.145129224652088,7.3558648111332
2024-10-08,53.47912524850894,13.916500994035786,5.36779324055666,11.332007952286283,8.747514910536779,6.560636182902585
2024-10-09,56.461232604373755,12.72365805168986,3.9761431411530817,9.145129224652088,9.940357852882704,7.157057654075547
2024-10-10,53.47912524850894,14.512922465208748,4.970178926441352,8.946322067594433,9.940357852882704,7.5546719681908545
2024-10-11,57.65407554671968,11.928429423459244,3.5785288270377733,7.75347912524851,9.940357852882704,8.548707753479125
2024-10-14,61.23260437375746,10.337972166998012,1.9880715705765408,7.157057654075547,9.74155069582505,8.946322067594433
2024-10-15,61.82902584493042,9.343936381709742,2.783300198807157,9.940357852882704,7.3558648111332,8.151093439363818
2024-10-16,61.431411530815105,9.74155069582505,2.982107355864811,9.145129224652088,7.3558648111332,8.747514910536779
2024-10-17,60.437375745526836,10.73558648111332,3.7773359840954273,9.145129224652088,7.3558648111332,7.952286282306163
2024-10-18,62.42544731610338,9.940357852882704,3.3797216699801194,8.946322067594433,7.157057654075547,7.5546719681908545
2024-10-21,58.4493041749503,13.320079522862823,4.3737574552683895,10.73558648111332,6.36182902584493,6.163021868787276
2024-10-22,54.87077534791253,16.10337972166998,5.168986083499006,12.326043737574553,5.964214711729622,4.970178926441352
2024-10-23,55.069582504970185,15.705765407554672,5.566600397614314,14.314115308151093,4.970178926441352,3.7773359840954273
2024-10-24,52.286282306163024,17.09741550695825,6.958250497017893,13.320079522862823,5.964214711729622,3.7773359840954273
2024-10-25,46.91848906560636,21.669980119284293,7.3558648111332,13.717693836978132,5.7654075546719685,3.9761431411530817
2024-10-28,48.31013916500994,21.07355864811133,6.560636182902585,12.326043737574553,6.36182902584493,4.7713717693836974
2024-10-29,43.737574552683895,23.856858846918488,8.151093439363818,13.12127236580517,5.168986083499006,5.36779324055666
2024-10-30,44.53280318091451,23.45924453280318,8.151093439363818,13.12127236580517,5.7654075546719685,4.3737574552683895
2024-10-31,39.165009940357855,27.236580516898606,9.940357852882704,14.7117296222664,5.36779324055666,2.982107355864811
2024-11-01,40.15904572564612,26.640159045725646,9.542743538767395,13.916500994035786,6.163021868787276,2.982107355864811
2024-11-04,39.562624254473164,27.634194831013914,9.145129224652088,13.717693836978132,5.36779324055666,3.9761431411530817
2024-11-05,45.12922465208747,23.26043737574553,7.75347912524851,13.12127236580517,6.163021868787276,3.9761431411530817
2024-11-06,49.30417495029821,18.48906560636183,8.151093439363818,10.337972166998012,5.7654075546719685,7.3558648111332
2024-11-07,51.491053677932406,16.302186878727635,8.34990059642147,9.940357852882704,6.36182902584493,6.958250497017893
2024-11-08,52.683896620278325,15.904572564612327,7.3558648111332,11.133200795228628,5.964214711729622,6.36182902584493
2024-11-11,52.48508946322068,14.7117296222664,8.34990059642147,11.72962226640159,5.168986083499006,6.958250497017893
2024-11-12,50.49701789264414,15.308151093439365,9.343936381709742,13.12127236580517,4.572564612326044,6.560636182902585
2024-11-13,50.89463220675944,14.512922465208748,9.74155069582505,12.524850894632205,4.970178926441352,6.759443339960239
2024-11-14,47.713717693836976,17.693836978131213,9.74155069582505,13.320079522862823,3.9761431411530817,6.958250497017893
2024-11-15,46.52087475149106,17.296222664015904,11.928429423459244,14.910536779324055,3.9761431411530817,4.7713717693836974
2024-11-18,47.912524850894634,17.09741550695825,10.73558648111332,14.314115308151093,4.174950298210735,5.168986083499006
2024-11-19,45.52683896620278,19.284294234592444,11.72962226640159,15.308151093439365,3.180914512922465,4.3737574552683895
2024-11-20,47.11729622266402,18.09145129224652,11.133200795228628,14.910536779324055,3.9761431411530817,4.174950298210735
2024-11-21,51.88866799204771,15.308151093439365,9.343936381709742,13.717693836978132,4.970178926441352,4.174950298210735
2024-11-22,52.88270377733598,15.50695825049702,7.952286282306163,13.518886679920477,5.168986083499006,4.3737574552683895
2024-11-25,57.85288270377733,14.512922465208748,5.168986083499006,11.72962226640159,5.36779324055666,4.7713717693836974
2024-11-26,59.64214711729622,12.524850894632205,5.566600397614314,12.72365805168986,5.36779324055666,3.5785288270377733
2024-11-27,59.84095427435388,12.524850894632205,5.36779324055666,12.127236580516898,5.964214711729622,3.5785288270377733
2024-11-29,59.64214711729622,12.326043737574553,4.970178926441352,12.326043737574553,6.163021868787276,3.9761431411530817
2024-12-02,56.66003976143141,15.705765407554672,4.3737574552683895,12.326043737574553,6.163021868787276,4.174950298210735
2024-12-03,54.07554671968191,16.69980119284294,5.566600397614314,13.717693836978132,5.566600397614314,3.7773359840954273
2024-12-04,53.677932405566594,15.705765407554672,6.759443339960239,14.7117296222664,4.970178926441352,3.5785288270377733
2024-12-05,51.29224652087475,17.09741550695825,7.5546719681908545,16.10337972166998,4.174950298210735,3.180914512922465
2024-12-06,50.695825049701796,17.09741550695825,8.151093439363818,16.302186878727635,4.174950298210735,2.982107355864811
2024-12-09,48.31013916500994,20.278330019880716,7.5546719681908545,14.512922465208748,5.36779324055666,3.3797216699801194
2024-12-10,44.731610337972164,21.47117296222664,9.940357852882704,14.7117296222664,5.7654075546719685,2.783300198807157
2024-12-11,42.74353876739563,21.47117296222664,11.72962226640159,15.308151093439365,5.168986083499006,2.982107355864811
2024-12-12,42.74353876739563,21.669980119284293,11.530815109343937,16.69980119284294,3.9761431411530817,2.783300198807157
2024-12-13,41.15308151093439,22.664015904572565,11.72962226640159,17.892644135188867,3.5785288270377733,2.3856858846918487
2024-12-16,39.363817097415506,23.061630218687874,13.717693836978132,19.08548707753479,2.584493041749503,1.5904572564612325
2024-12-17,33.39960238568588,27.634194831013914,14.910536779324055,19.284294234592444,2.584493041749503,1.5904572564612325
2024-12-18,17.09741550695825,36.97813121272366,21.868787276341948,21.47117296222664,1.3916500994035785,0.5964214711729622
2024-12-19,18.290258449304176,35.586481113320076,21.47117296222664,22.266401590457257,1.1928429423459244,0.5964214711729622
2024-12-20,23.658051689860834,32.40556660039761,18.687872763419485,22.86282306163022,0.9940357852882704,0.7952286282306162
2024-12-23,23.26043737574553,32.80318091451292,18.290258449304176,23.061630218687874,1.1928429423459244,0.7952286282306162
2024-12-24,28.230616302186878,29.4234592445328,15.904572564612327,23.26043737574553,1.7892644135188867,0.7952286282306162
2024-12-26,28.628230616302186,29.025844930417495,15.50695825049702,23.45924453280318,1.9880715705765408,0.7952286282306162
2024-12-27,23.061630218687874,33.59840954274354,15.904572564612327,23.856858846918488,2.1868787276341948,0.7952286282306162
2024-12-30,17.09741550695825,37.97216699801193,16.50099403578529,25.844930417495032,1.1928429423459244,0.7952286282306162
2024-12-31,16.50099403578529,38.767395626242546,15.109343936381709,25.844930417495032,2.584493041749503,0.5964214711729622
2025-01-02,15.109343936381709,38.9662027833002,15.308151093439365,27.236580516898606,1.7892644135188867,0.9940357852882704
2025-01-03,19.08548707753479,35.984095427435385,13.916500994035786,26.043737574552683,3.5785288270377733,0.7952286282306162
